id;title;content;create_time;update_time
1;meh within space;provided;2025-04-11T02:01:14;2025-04-10T17:21:51
2;since freckle;underneath;2025-04-10T19:13:51;2025-04-11T03:35:02
3;detain prudent than;team steel polite;2025-04-10T08:30:09;2025-04-10T22:19:40
4;although;irritably;2025-04-10T21:48:47;2025-04-11T00:27:24
5;feline gymnast;limited minus upbeat;2025-04-11T01:25:20;2025-04-10T16:07:15
6;when boohoo instead;yum;2025-04-10T13:51:33;2025-04-10T11:52:53
7;ouch charlatan;on exalted as;2025-04-11T08:26:04;2025-04-10T18:46:31
8;sentimental honestly since;of once;2025-04-10T21:29:47;2025-04-11T07:47:25
9;how;unimpressively;2025-04-10T09:54:19;2025-04-10T08:59:40
10;rich;pomelo geez beyond;2025-04-10T15:52:21;2025-04-10T15:33:19
